title,subtitle,page_unique,current_price,old_price,availability,category_name,image_link,page_url,desc_short
"اسپری ایسाना ضد تعریق بدن بانوان ISANA INVISIBLE 5IN1 48h",,"47655",420000,580000,instock,"زنان","https://vipderma.ir/uploads/3d97878a4b4045ff937e3a25997f94e3.png","https://vipderma.ir/shop/زنان/P47655-راسپری-ضد-تعریق-بدن-بانوان-isana-invisible-5in1-48h.html","اسپری دئودورانت ایسنا مدل پنج کاره - 150 میل

ISANA Anti-Transpirant Spray Invisible 5in1 محصولی ایده‌آل برای مقابله با تعریق و بو نامطبوع بدن است. این اسپری ضدتعریق با فرمولاسیونی نوآورانه طراحی شده تا نه‌تنها از تعریق جلوگیری کند، بلکه لباس‌های شستشو نیازی به شستن نداشته و تجربیات بی‌نقص ارائه دهد.

ویژگی‌ها:

5 عملکرد در 1 محصول:

محافظت 48 ساعته در برابر تعریق.

جلوگیری از بو نامطبوع بدن.

محافظت از لباس در برابر لکه‌های سفید و زرد.

ماندگاری طولانی و حس طراوت.

مراقبت ملایم از پوست.

فرمولاسیون نامرئی: بدون ایجاد لکه روی لباس‌های روشن یا تیره.

بدون الکل: مناسب برای انواع پوست، حتی پوست‌های حساس.

رایحه ملایم: عطری دلنشین برای حس تازگی در طول روز.

مزایا:

ارائه محافظت کامل در تمام شرایط روزمره.

عدم ایجاد حس سوزش یا چسبندگی روی پوست.

مناسب برای استفاده روزانه.

سازگار با لباس‌های رنگی و تیره.

راهنمای استفاده

قبل از استفاده حتماً قوطی را خوب تکان دهید.

از فاصله 15 سانتی‌متری روی پوست تمیز زیر بغل اسپری کنید.

از استفاده روی پوست آسیب‌دیده یا تحریک‌شده خودداری کنید."
"اسپری ایسنا ضد تعریق خوشبو کننده زنان پاریس isana deospray paris",,"47654",420000,580000,instock,"زنان","https://vipderma.ir/uploads/366cb3ee5d5246dd99993922c45805d6.png","https://vipderma.ir/shop/زنان/P47654-اسپری-ضد-تعریق-خوشبو-کننده-زنان-پاریس-مدل-rossmann_-_حجم-150-میل.html","توضیحات و جزئیات محصول
اسپری دئودورانت ISANA پاریس با کمپلکس فعال 24 ساعته، به طور قابل اعتمادی از بدن در برابر بو بد محافظت می‌کند، در حالی که رایحه دوست‌داشتنی گل رز، بدن و حواس را در بر می‌گیرد. بدون نمک آلومینیوم (ACH). این دئودو 100% بدون میکروپلاستیک است.

ترکیبات
بوتان، الکل، پروپان، تری اتیل سیترات، ایزوبوتان، گلیسریین، ایزوپروپیل میریستات، فنکسیون اتانول، اتیل هگزیل گلیسریین، توکوفرول، آب، عطر، سیترانلول، لینالول، لیمونن"
"تونر پوست خشک و حساس با له آ Balea Toner",,"47653",410000,500000,instock,"تونر","https://vipderma.ir/uploads/3dff5ead69f94fabb9a826aa13d3f3f8.png","https://vipderma.ir/shop/تونر/P47653-تونر-پوست-خشک-و-حساس-با-له-آ-balea-toner.html","توضیحات

مناسب برای پوست‌های خشک و حساس
حاوی ترکیبات آرام‌بخش و مرطوب‌کننده
تسکین‌دهنده و ضدالتهابی
آبرسانی عمیق و طولانی‌مدت
کاهش خشکی و تحریکات پوست
فرمولاسیون ملایم و غیرچرب
جذب سریع و احساس راحتی
تقویت سد دفاعی پوست
کاهش نرمی و لطافت پوست
کشور سازنده: آلمان
برند: باله آ (Balea)
حجم: 200 میلی‌لیتر

توضیحات
تونر پوست خشک و حساس باله آ (Balea) مدل Gesichts Wasser، یک راه‌حل فوق‌العاده برای کسانی است که با مشکلات پوست خشک و حساس دست و پنجه نرم می‌کنند. این تونر با فرمولاسیون ملایم و مؤثر، به طور خاص برای تمیز نگه داشتن نیازهای پوست خشک و حساس طراحی شده و می‌تونه تجربیات راحتی و لذت‌بخش از مراقبت‌های پوستی رو به شما هدیه بده. تونر پوست خشک و حساس باله آ(Balea) مدل Gesichts Wasser با ترکیبات منصف به فرد خود به آرامش و مرطوب‌کنندگی عمیق پوست کمک می‌کنه، به طوری که پوست شما به راحتی نرم و لطیف می‌شه و از خشکی و تحریکات جلوگیری می‌کنه.

فرمولاسیون این تونر شامل مواد طبیعی و ملایم است که به آرامش پوست تمیز کرده و رطوبت آن را حفظ می‌کند. به خصوص برای افرادی که پوست‌های حساس دارن و به راحتی قرمزی و تحریک می‌شن، تونر پوست خشک و حساس باله آ مدل Gesichts Wasser می‌تونه یک انتخاب عالی باشه. با استفاده منظم از این تونر، می‌تونی به وضوح مشاهده کنی که پوستت نرم‌تر، شاداب‌تر و بدون احساس کشیدگی شده. این تونر به کم کردن تعادل و تسکین پوست، از التهاب‌ها و خشکی‌های مزمن جلوگیری کرده و پوست رو سالم و درخشان به شما هدیه می‌ده.

علوه بر این، تونر پوست خشک و حساس باله آ (Balea)مدل Gesichts Wasser با جذب سریع و بدون به‌قیمتی احساس چسبناک، به راحتی در روتین روزانه شم جا می‌گیره. این ویژگی به ویژه برای افرادی که به دنبال محصولی ساده و غیرچرب هستن، بسیار مهمه. تونر پوست خشک و حساس باله آ مدل Gesichts Wasser حتی می‌تونه به تقویت سد دفاعی پوست کمک کنه و آن را در برابر عوامل خارجی محافظت می‌کنه. با استفاده از این تونر، می‌تونی به طور مؤثر به بهبود کیفیت پوست خود بپردازی و از نرمی و درخشندگی آن لذت ببری.

اگر پوستت از خشکی و حساسیت پوست خود خسته شده و به دنبال محصولی هستی که بتونه این مشکلات رو به طور مؤثر حل کنه، تونر پوست خشک و حساس باله آ مدل Gesichts Wasser انتخاب فوق‌العاده‌ای برای شماست. این تونر با ترکیبات باکیفیت و کارایی بالا، به پوست کمک می‌کنه که به راحتی نرم بشه و از زیای طبیعی آن بهره‌مند شوید. با استفاده منظم از تونر پوست خشک و حساس باله آ(Balea) مدل Gesichts Wasser، پوست شفا نه تنها آرامش می‌یابد، بلکه به شادابی و نرمی بی‌نظیر دست پیدا می‌کنه.

در نهایت، اگر به دنبال محصولی هستی که به طور ویژه نیازهای پوست خشک و حساس شفا پاسخ بده و در عین حال مراقبت‌های لذت رو به پوستت بده، تونر پوست خشک و حساس باله آ مدل Gesichts Wasser بهترین گزینه برای شماست. با انتخاب این تونر، می‌تونی تجربیات عالی از مراقبت از پوست رو داشته باشه و به نتیج قابل توجه در بهبود وضع پوست خود دست یابی.

ویژگی تونر پوست خشک و حساس باله آ مدل Gesichts Wasser
تونر پوست خشک و حساس باله آ مدل Gesichts Wasser، یک انتخاب فوق‌العاده برای کسانی است که به دنبال راه‌حلی ملایم و مؤثر برای مراقبت از مشکلات پوست خشک و حساس هستن. این تونر با فرمولاسیون ویژه خود، که شامل ترکیبات آرام‌بخش و مرطوب‌کننده است، به طور مؤثری به تسکین و آبرسانی پوست کمک می‌کنه. با استفاده از تونر پوست خشک و حساس باله آ مدل Gesichts Wasser، پوست شفا به سرعت نرم و لطیف شده و از خشکی و التهاب‌های مزمن رهایی می‌یابد. این محصول به ویژه برای افرادی که پوست حساس دارن و به راحتی قرمزی و تحریک می‌شن، مناسب است. با استفاده از تونر پوست خشک و حساس باله آ مدل Gesichts Wasser، پوست شفا به سادگی نرم و لطیف شده و از خشکی و التهاب‌های آزاردهنده رهایی می‌یابد. این محصول با ویژگی‌های ملایم خود، بدون ایجاد احساس چرب یا سوزش، به راحتی جذب پوست شده و احساس آرامش و شادابی رو به پوست هدیه می‌ده. تونر پوست خشک و حساس باله آ مدل Gesichts Wasser به ویژه برای افرادی که پوست حساس دارن و به راحتی قرمزی و تحریک می‌شن، مناسب است. با استفاده از این تونر، می‌تونی به بهبود کیفیت پوست خود بپردازی و از نرمی و درخشندگی آن لذت ببری. این تونر نه تنها به کاهش التهاب و قرمزی کمک می‌کنه، بلکه به تقویت سد دفاعی پوست، بلكه به حفظ رطوبت و درخشندگی آن هم می‌پردازد. اگر به دنبال محصولی هستی که بتونه به طور مؤثر پوست شفا رو تسکین بده و از خشکی و حساسیت آن جلوگیری کنه، تونر پوست خشک و حساس باله آ مدل Gesichts Wasser، با ترکیبات باکیفیت و کارایی بالا، انتخابی عالی برای شماست.

نحوه استفاده:
مقدار مناسب از محصول رو روی رخی پنبه بریزید و پوست صورتم گردن رو تمیز نماييد. این محصول پوست رو برای استفاده از محصولات مراقبتی صورتم آماده مي كند. از تماس این محصول با چشم خودداری شود. این تونر بدون نیاز به آبکشی است.

مشخصات محصول

نوع محصول	تونر صورتم
کشور سازنده	آلمان
برند سازنده	باله آ
مدل	pflegendes
محل مصرف	صورتم
سن مصرف	بزرگسالان
جنسیت مصرف	آقایان, بانوان
بافیت محصول	محلول
نوع محفظه	پلاستیکی
حجم	200 میلی لیتر"
"شامپو سر، صورتم و بدن آقایان باله آ Balea MEN Sensitive",,"47652",350000,450000,instock,"مردانه","https://vipderma.ir/uploads/998738df2e0649a3b3fd2fa72e529d8b.png","https://vipderma.ir/shop/مردانه/P47652-شامپو-سر-صورتم-و-بدن-آقایان-باله-آ-balea-men-sensitive.html","شامپو سر، صورتم و بدن باله آ مدل سنسیتوBalea MEN Sensitive 3-in-1 Shampoo

شامپوی ملایم و گیاهی مناسب پوست‌های حساس، برای شستشوی همزمان سر، صورتم و بدن. مرطوب کننده و شاداب کننده، حافظ تعادل طبیعی پوست با PH خنثی. بدون آلومینیوم، الکل، پارابن، پارافین و روغن‌های معدنی.ساخت آلمان

شامپو برای پوست سر حساس. پاکسازی و مراقبت ملایم.

حاوی پروویتامین B5.
برای تازیگی و طراوت قابل مشاهده مو.
مواد تسکین دهنده* با 98% به عنوان زيست تخریب پذیر طبقه بندی می شوند.
شامپوی مخصوص موهای حساس Balea MEN با فرمولی بسيار ملایم و فعال، موها را به آرامی تمیز می‌کند و از پوست سر حساس مراقبت می‌کند.
فرمول حاوی پروویتامین B5 محافظتی مؤثری برای پوست سر حساس فراهم می‌کند.
برای تازیگی و طراوت قابل مشاهده مو.
دستمال تمیز بدون میکروپلاستیک و پلیمرهای کاملاً مصنوعی محلول در آب.
بر اساس عمده مواد اولیه پایدار."